composer_name,title,song_length.bars,n_notes,rating,n_views,is_best_arrangement,metadata,mxl
Wolfgang Amadeus Mozart,Mozart - Piano Sonata No. 16 - Allegro,146,2566,4.81,161948,False,./metadata/8/539.json,./mxl/15/9/QmXaLndsVZvGL5n1saWern2cbW1Ze1kEKpeUofRBBmhT1D.mxl
Wolfgang Amadeus Mozart(1756-1791),Mozart: Minuet in F Major (K2) (easy),32,176,4.75,37088,False,./metadata/7/58882.json,./mxl/0/18/QmaENucP3iVPGGeUtgdj959VJEx116ke3SYH4X5s993nhN.mxl
W.A. Mozart,Piano Sonata No. 16 (K 545) Allegro by W.A. Mozart,146,2728,4.46,13179,False,./metadata/2/110272.json,./mxl/3/23/QmdhePFeDoAru2dQkCaFX2xZsR9Z3ag26Y8zL2pswPzDqq.mxl
W A Mozart,Polonaise W.A. Mozart,32,502,4.85,10094,True,./metadata/5/1226626.json,./mxl/4/3/Qme4on6zA599C2geDNg188XL745QLUyLZNQWuYNYvqVJn5.mxl
Wolfgang Amadeus Mozart (1756-1791),Mozart: Minuet in F (K. 2),32,176,4.69,7180,False,./metadata/0/2084571.json,./mxl/2/45/QmcTtaRJ7koYT6SdBGBdPE6pnBEQHgkvtHceStF7cGJeGr.mxl
Wolfgang Amadeus Mozart,Piano Sonata No 1 Mozart KV 279,734,10509,4.78,5157,False,./metadata/9/3192101.json,./mxl/10/54/QmSyodLkPUFGtnQwYZk41mHh3HkaLCbdceZ2LFKvvLXKBL.mxl
Wolfgang Amadeus Mozart eingerichtet von Carl Czerny,German Dance No.3 KV 605 - Piano Solo - Mozart,116,1206,4.77,4309,True,./metadata/4/2374551.json,./mxl/11/9/QmTadwBBLmyYgQMxzKLDKgZ9nuxexYioe9grhdjgp6oPfr.mxl
W. A. Mozart,Mozart Sonate No. 11 KV 331 Andante grazioso,36,480,4.72,3969,False,./metadata/9/445346.json,./mxl/1/37/QmbPit26hQ7TsjCqYvdibaGZJ3rBBf4TWk1uxWLguWpvW5.mxl
W. A. Mozart,Arie des Papageno,23,266,4.52,3241,True,./metadata/6/825076.json,./mxl/7/53/QmPXeDX6QxMNPHCNDoUGUkTYf5ZnHaBELsYHu1YyLfEk9Z.mxl
L. Mozart,Burlesque - G Major,17,149,4.64,3039,True,./metadata/1/1669456.json,./mxl/10/10/QmSAKUUM14Kdbhn8ZnsfvWjpoHGojgfpRLVPPUx9cfaTxa.mxl
W.A. Mozart,Thème du 1er mouvement de la sonate K.331,16,55,4.83,3024,True,./metadata/4/5744456.json,./mxl/4/42/QmeswnMFsq7kKrfJU2KHcucQ55D1psa3djU7BiYUptXPPR.mxl
Mozart,Mozart Sonata No.8 KV.310 1st,266,6552,4.74,2696,False,./metadata/5/5979450.json,./mxl/16/28/QmYkwGqdPV2gFv7GS3Lv59K6pvwbH7tzEbp2uPFvzBzFzz.mxl
W. A. Mozart,Mozart - Minuet & Trio - K. 1,81,611,4.79,2659,False,./metadata/5/309121.json,./mxl/5/14/QmfCULDvejZyShSRANTgFLGt4TudSaWNcuAfbV89RhdFPP.mxl
Wolfgang Amadeus Mozart (1756 - 1791),Wolfgang Amadeus Mozart - Morgen kommt der Weihnachtsmann,450,3773,4.83,2635,True,./metadata/5/82957.json,./mxl/3/40/QmdrhvsqisvZxSr1wEKJqZpYZYs1JpopTHz1Wp5WLoJ6BS.mxl
Wolfgang Amadeus Mozart,W.A. Mozart - Fantasia in C minor KV.475,21,465,4.26,2542,False,./metadata/7/3749231.json,./mxl/7/8/QmP9F78FRSdcpxrBdUuGazFJhpmWV1dtPstLZMnhpAgTYK.mxl
W. A. Mozart,W. A. Mozart Minuet in G Major K1e.,72,512,4.82,2352,True,./metadata/5/5847376.json,./mxl/10/43/QmSSZAHjALT7zf8hpZpLFXaBHB9ytuBETs4QbhvYDFSAaa.mxl
Wolfgang Amadeus Mozart(1756-1791),Mozart Fantasy in D minor K397,126,1654,4.8,2352,False,./metadata/1/5962353.json,./mxl/15/47/QmXUXkzJcmVDCpAi6QLW9PJGXT1yRFpF1CafihMAqWiMqN.mxl
W. A. MOZART,Mozart- Violin Sonata No. 21,382,3900,0.0,2347,False,./metadata/1/2562866.json,./mxl/17/22/QmZGoXQcWYmwLvBw7RpEuyYfCtSoHgpkUPqbv3Eax7GzoV.mxl
Wolfgang Amadeus Mozart,Komm lieber Mai,17,130,4.88,2300,True,./metadata/7/54670.json,./mxl/2/9/QmcanpWgvkPVJLshBC2JFT9byViifisDyi158smUGQogHX.mxl
W.A. Mozart,W.A. Mozart: Menuet,32,176,4.79,2180,True,./metadata/0/2932906.json,./mxl/17/10/QmZAwpKVi1GH5jQTXkgiM2G6DtS5GsAoDB6WuJY6MpmLhy.mxl
Mozart,Mozart Arioso,32,194,4.57,2098,True,./metadata/5/5905687.json,./mxl/5/16/QmfDwieqKs2FCDJtzbrpPEXet9pWk612ZiSJnc5hqDm6B9.mxl
Wolfgang Amadeus Mozart,MOZART: Piano Concerto No. 19 in F major - Allegro. More accurate reproduction than IMSLP!,420,3331,4.85,2041,False,./metadata/1/4324581.json,./mxl/3/12/QmdBayAzUNpzw9syByA9GSvde28NKCi5wcvoy3Whn2m3dX.mxl
W. A. Mozart,Andante,39,1040,4.88,2027,True,./metadata/4/5335663.json,./mxl/3/50/QmdwwENhYbjxxk4X7DjnVfwCDkfT8FJ6TC4yZtaomd3cZi.mxl
W.A Mozart,Sonata in C - Full First Movement,146,2568,0.0,2001,False,./metadata/8/1014626.json,./mxl/8/43/QmQScc9kDJNKYKz7dLayaiADCD2vsvKM1D91WBC8jpCry2.mxl
W. A. Mozart,Török induló,70,758,4.71,1594,False,./metadata/2/5301966.json,./mxl/7/39/QmPQMitaGzGvcaVjepEB42qdeo7ntvxkSt2Va2opYZrkU7.mxl
Wolfgang Amadeus Mozart(1756-1791),Mozart - Sonata in Bb K 570 Movement I,418,4004,4.82,1384,False,./metadata/6/6110797.json,./mxl/11/1/QmT2Fednhnpvwp5DLd9xYTLnufWm4AT1Aqk5BVn4kZuoXs.mxl
Mozart,Der HoÌlle Rache (Mozart) leadsheet incomplete...needs chordsymbols,99,376,0.0,1222,False,./metadata/5/872226.json,./mxl/15/50/QmXwyza3wyaSgAVb5ULfCHqzbZYX8hLrPJ9kBvQv1KwHjM.mxl
W. A. Mozart,Ah vous dirai-je maman Variation II,48,586,0.0,1186,False,./metadata/6/2540806.json,./mxl/14/24/QmWHFURe47esvLT4jWtt9i2nCgX2k6XVCpyjyNwcExVeXz.mxl
W.A. Mozart (1756 - 1791),W.A. Mozart Concerto No. 4 K41 - II Andante - Piano,62,738,0.0,1163,False,./metadata/7/3098386.json,./mxl/2/55/QmcYu7EmQocXgsmbzYXNuj928NRwYDhKCYoqkr7u1ALkvW.mxl
ARIEL 8.8.6.8.8.6.6. Arr. from Mozart by Lowell Mason 1836,Faith Reviving (From whence this fear and unbelief),20,224,0.0,1098,True,./metadata/8/40313.json,./mxl/4/16/QmeDNpk1SQzwnyFQZysSSRZ8nRKTn2yypqn9cfqRqWZm4G.mxl
W.A. Mozart,Allegro Molto in C Major - W.A. Mozart,169,2399,4.53,1038,False,./metadata/6/5912763.json,./mxl/8/53/QmQXVBQ8xdqEuUQqnamgZGtA7Z9N6qXQniVYRXmsPeQBme.mxl
W.A. MOZART,Viennese Sonatina No 5 in F Major I Adagio K 439b - Mozart,56,989,4.58,938,False,./metadata/3/2939111.json,./mxl/10/18/QmSErv1mWLxyVRv1k9sxx7YSVcLfk4DchyaJSawLJamv5m.mxl
Mozart,Mozart: Tuba Mirum,18,83,4.49,869,True,./metadata/4/4815430.json,./mxl/1/4/Qmb5A9LjUaLuQmCeHjqWDwhU5yLkV2C3pJ4UmK8b5FrG71.mxl
W. A. Mozart,W. A. Mozart Minuet in C Major K1f.,36,304,4.57,799,False,./metadata/6/5930179.json,./mxl/11/16/QmTDBFbPLYF24o8ihUjDJ5XUYpstJj2VexoBQovTLXXNsS.mxl
W. A. Mozart,W. A. Mozart Minuet in F Major K5.,32,300,4.84,711,True,./metadata/0/5931431.json,./mxl/12/19/QmUfTS6K5Js8oBzGHXSD3f8QqxKq2q7yJH5zxG5FzhiHEe.mxl
Wolfgang Amadeus Mozart,Musikalisches Würfelspiel K.516f,176,1442,4.66,679,False,./metadata/5/4054946.json,./mxl/13/22/QmVG74s7jJqPF6hpNVRL5cC1ZrTKHskVunsiYikJnKSj2j.mxl
Wolfgang Amedeus Mozart,Mozart Flute Quartet in D For Flute and Piano K285,154,2491,4.79,611,True,./metadata/3/5971389.json,./mxl/8/25/QmQi6RkK5b4Nxi8sQM9SMBqRBB4yr4Sgy7Vg2EV2azMtLA.mxl
W. A. Mozart,Mozart - Piano Sonata No. 18 in D: Allegro,221,2944,4.87,592,False,./metadata/6/5911438.json,./mxl/16/48/QmYvNjAjHkeqDfsVzeCM5QQy4sQJHpfqFDxcg4fpV4wqGr.mxl
Wolfgang Amadeus Mozart,Sonata no 16 in C Major,146,2576,4.89,567,False,./metadata/6/6112246.json,./mxl/4/5/Qme6WJRXUdZb9NiankZ4rKj5LAZ9DPiqzdKqqrk9HyghVL.mxl
W. A. MozartKV 576,Mozart - Piano Sonata No. 18 in D: Allegretto,189,2403,4.9,542,False,./metadata/8/5911457.json,./mxl/4/24/QmeHuDfTaHhXPjjr6F5cyx96o8icjuvQT8uLpFbhoC6iEQ.mxl
Wolfgang Amadeus Mozart,sonate mozart n7 C M,213,3291,4.66,517,False,./metadata/0/5835054.json,./mxl/16/53/QmYXmg2noErG2MJVfpi5ieyRwRp8qi8DJRiXwV9fmALqm4.mxl
W.A. Mozart,Mozart - Piano Sonata No. 1 in C K. 279 (189d),781,11466,4.88,490,False,./metadata/8/6190780.json,./mxl/6/43/QmNSDSW8PtGef71CEvbYbzE8ZDXKFqmVEVRmV3NmYkfM6b.mxl
Nikolaus SimrockW. A. Mozart (alleged),Mozart's Musical Dice Game,176,1441,4.93,476,True,./metadata/9/5943501.json,./mxl/10/34/QmSNJYfB1u4DyqjbJbEcyQrZNUUZTQwwTJnkHiTP6atqLv.mxl
Wolfgang Amadeus Mozart 175691,Mozart Piano Sonata No. 10 in C major- 3rd Movement,342,4268,4.82,463,False,./metadata/1/6320864.json,./mxl/11/10/QmTASjPmcHiPq3aLyHygoWKbwxCe9rXXDuhqiN4q6LmBCb.mxl
Leopold Mozart,Minuet in F,48,216,0.0,443,False,./metadata/6/1565066.json,./mxl/16/53/QmYXGJHJVBzWH49y5pr4LRhNv1XyoGQV1GHMmrKmADwKfr.mxl
W. A. MozartKV 576,Mozart - Piano Sonata No. 18 in D: Adagio,67,1464,4.89,431,False,./metadata/7/5911448.json,./mxl/11/38/QmTqnWEgQtgEymkGoSgMwHBLxNuXbBwg2EdMUzYDE9jYwY.mxl
Music: W.A. Mozart Arr.: Lorenz Stechauner,Österreichische Bundeshymne,56,422,0.0,414,True,./metadata/6/5180952.json,./mxl/10/39/QmSQ963kddqRr3yS3bLmr8T8p9YjjL9fvzvxQdbF8bjsCz.mxl
Mozart,Fantasy in D minor by Mozart,139,1650,4.33,408,False,./metadata/3/5920311.json,./mxl/8/50/QmQwbzJxX8Qsr5FKKmvGVQm3MteDfUQZKQojt4BpTuBDkB.mxl
Mozart,Minuet in D Major K94/73h by Mozart,52,334,4.39,393,False,./metadata/3/5750826.json,./mxl/2/50/QmcwciG4bzxK7wgQQSyqU5uF2KaXjdNdCn8aa52oDgMBpi.mxl
W.A. MOZART (1756-1791),W.A. Mozart - 6 Variations in F Major K.54,263,2950,0.0,388,False,./metadata/4/3605111.json,./mxl/15/35/QmXom3xfLqpDKxYrY64g6PeiDisGDxPfC3FDpSFCBRaXsc.mxl
W.A. Mozart,W.A. Mozart - Minuet in G K. 15c,40,302,4.75,365,False,./metadata/0/6204245.json,./mxl/1/26/QmbjiXNoTmLNHq6Xw8f6kWh2TBGGGcputXwLvsDE8oc8Fa.mxl
Wolfgang Amadeus Mozart,Sonata No 16 KV 545 'Facile' Mozart,146,2564,4.85,324,False,./metadata/6/5588465.json,./mxl/0/42/Qmas87p3CricUGpNozvLiZYcc1CFGAXGr7QhREAqmmXoG8.mxl
W. A. Mozart,W. A. Mozart Allegro in Bâ Major K3.,45,233,4.79,319,True,./metadata/8/5930203.json,./mxl/7/23/QmPh9E2SVDigz7bhQx3CqCFNxD33a9G5uFVGWf2536dG7J.mxl
Mozartarr. E Muirhead,Turkish March,52,522,4.72,281,True,./metadata/1/6007082.json,./mxl/9/13/QmRc72qvsdoJZcp9zVjKXy7qskvXtMCpxjhp59DreLwzv4.mxl
Mozart,Mozart flute concerto no.1 in G major kv131,220,4283,4.89,278,False,./metadata/4/5797615.json,./mxl/3/55/QmdYMGrqTuCzem1GiqBkcxscbRqUePf8WJGpS714LzS7MW.mxl
L. Mozart,Burlesque - E Major,17,149,0.0,249,False,./metadata/7/1669436.json,./mxl/9/8/QmR9o87Ybg8eCm1cJfUzidpPbUD8ZgcVFSmKXvnmmCgRvN.mxl
W. A. Mozart,W. A. Mozart Minuet in F Major K2.,48,262,0.0,245,False,./metadata/7/5930189.json,./mxl/14/37/QmWPFpLyAkm7gcKYZHuEZ8NgeASsVGdyzGVrisSGKAmpvX.mxl
W.A. Mozart,Menuet I und II,129,1288,0.0,239,False,./metadata/0/3507156.json,./mxl/13/9/QmVa5BT6nS3nsNRcJBaqCnLaHJiW1cV1fLKFc7P3X5p2Pc.mxl
W.A. Mozart,W.A. Mozart - Rondo in F K. 15hh,78,454,4.83,239,False,./metadata/0/6238350.json,./mxl/2/31/QmcmB7Rvh3DyQJ63EmKEnjxqUzC8toMRd3zk6CrT6mkJyB.mxl
W. A. Mozart,Gigue in G Major - K. 574,81,972,0.0,232,False,./metadata/7/2870216.json,./mxl/7/16/QmPD9REJU9ssdA78fLwzoFYeWFS1SpiGuUvx2TcTqNST15.mxl
Wolfgang Amadeus Mozart(17561791),Sonata No. 16 K 545 3rd Movement,84,961,4.9,212,False,./metadata/1/6137406.json,./mxl/7/9/QmPaDt5oro5S5MxK47tRyuppCxwhyyTfe5568yRv4494KE.mxl
WOLFGANG AMADEUS MOZARTedited by Brian J. Nelson,Dona nobis pacem - Anonymous often misattributed to Wolfgang Amadeus Mozart.,24,63,4.54,209,True,./metadata/5/5790996.json,./mxl/10/22/QmSGbT86D3Re1dtUsk3ysqVAtAyM5sqLzzffYTxXkk5TZc.mxl
W. A. Mozart,W. A. Mozart Andante in C Major K1a.,10,83,0.0,190,False,./metadata/1/5847348.json,./mxl/7/51/QmPW5kiDM4MteJEvBfcYg9rW2GE2EUFMX8mm828QD3x8dy.mxl
W.A. Mozart,Country Dance WAMoz,101,1017,0.0,188,False,./metadata/3/5073963.json,./mxl/1/32/QmbMARdr2BT5ZfB4Vq3Q1wfnTQMcXo3dtW3Y4sXcT7BDPg.mxl
Mozart,Allegro 10,48,384,4.16,178,False,./metadata/9/5933044.json,./mxl/8/17/QmQeh6AR6gcM616vC8TMHnxwZMbKvSd1zkUxFKVau2nhtD.mxl
W.A. Mozart,Sonate in C KV 330-1.Allegro moderato,300,4560,4.83,176,True,./metadata/2/5642220.json,./mxl/7/42/QmPsb5NL3M1BRGhViY3B6G5kVxEFZQCjH55fKqWdB7Zhr8.mxl
L. Mozart,Burlesque - F Major,17,149,0.0,171,False,./metadata/0/1669451.json,./mxl/7/0/QmP15BaZGZUDrAQJptCZZuLqijsY3R5qKNVvjAkVRmyNdK.mxl
W.A. Mozart,W.A. Mozart - Andante in B-flat K. 15ii,86,892,0.0,170,False,./metadata/1/6238417.json,./mxl/15/8/QmX9MT7HTeyssTFnfaujN7cWs4cKzKzHftXDicWZ7pvNvf.mxl
W.A.Mozart,Menuett F-Dur (Komponiert 1762),33,176,0.0,167,False,./metadata/1/4788153.json,./mxl/1/33/Qmbn4TwvG9Gtj3SFox4wgLqvwxyeEoYC2JrYtgTrBkUeev.mxl
Comptine sur un air de Mozart by Didalter,Ah vous dirais-je Maman,16,44,0.0,166,False,./metadata/0/5107845.json,./mxl/17/37/QmZPArNmZjRmwFS6LAzQYEs1XjwQcgWkgM8A71471vbLXu.mxl
W.A.Mozart,Turkish March,171,2040,0.0,165,False,./metadata/7/4413596.json,./mxl/16/52/QmYxCawcKNtH6DMWrqY8DwPxGG2zSVp5636GfRbdjpj3Bg.mxl
L. Mozart,Burlesque - Eb Major,17,149,0.0,164,False,./metadata/8/1669441.json,./mxl/16/39/QmYQvZRyBi7LcsX6e33G1Wi1KLzX3QK8mkfavecn5QmXad.mxl
Wolfgang Amadeus Mozart,Sonata No. 16 K. 545 (1st movement),146,2616,0.0,162,False,./metadata/5/5935386.json,./mxl/7/4/QmP55pawcM5qcWCTqboms9ms8EgYK7NyX5TLN2mw7hdRFv.mxl
L. Mozart,Burlesque - F Major,17,149,0.0,161,False,./metadata/9/1669446.json,./mxl/14/5/QmW6oDJK2HWEMS3pbZWpWEYo9FHHwHwbBbGLwB873s3Fxe.mxl
Wolfgang Amadeus Mozart,Mozart: Klaviersonate KV 457 - 1 expozice,74,860,4.71,145,False,./metadata/0/6392836.json,./mxl/12/55/QmUYGzPTboDynCKq7fmtceLTFexZFHAvoZFwMbtA6ZYuAf.mxl
W. A. Mozart,W. A. Mozart Allegro in F Major K1c.,28,198,0.0,142,False,./metadata/3/5847362.json,./mxl/3/45/QmdTZbbMT8VGXoYtr8S8LCfqDpmCd6go7ydUsMVVTCjP6K.mxl
W. A. Mozart,Mozart's Twelve Variations on Ah vous dirai-je Maman K.265/300e,637,6268,0.0,139,False,./metadata/9/6281151.json,./mxl/17/49/QmZVQFm2Uk8r1SLDZSLrQwVBgKAjT1uEecBEu5JaiTS4G8.mxl
Wolfwang Amadeus Mozart,Mozart Sonata No. 16,439,7307,0.0,139,False,./metadata/9/5959617.json,./mxl/1/15/Qmbdw8eizXb9tc5HvoQkKgBeNqDWPgvLWcZuKu8coKyXJP.mxl
W.A. Mozart,W.A. Mozart - German Dance in F K. 15oo,40,250,0.0,138,False,./metadata/6/6240890.json,./mxl/0/25/QmaiVgdqQT1RDwu7TKW7LjmmA7fWJB5Ua2Y1fjDKAPHPjZ.mxl
W.A. Mozart,W.A. Mozart - Andantino in C K. 15b,48,548,0.0,135,False,./metadata/9/6204214.json,./mxl/3/33/QmdnQPtZH7qFdP6V42y16AGzuZpmsis99tgQjKaA4jd6Ke.mxl
W. A. Mozart(Paris 30.11.1763),Menuett in D KV 7,44,368,0.0,124,False,./metadata/5/5974823.json,./mxl/0/38/QmaqiaWjuxahsy4GiTg3WNNMEhngex9Jcq448jYfkfCTyU.mxl
Mozart,Mozart - NON PIU ANDRAI,56,386,0.0,123,True,./metadata/4/4825807.json,./mxl/6/23/QmNhWdNu6G5cbqDFfUCzHqHX3rM8NDWGFppAKNQbAvLHsS.mxl
W. A. Mozart,W. A. Mozart Minuet in F Major K4.,34,253,0.0,123,False,./metadata/9/5930958.json,./mxl/14/16/QmWDrZ3X5GqTMp411D4SSe5oiVueZcVvjudHDi6TG8N1rr.mxl
W.A. Mozart,W.A. Mozart - Contredanse in A K. 15l,64,362,4.83,123,False,./metadata/8/6219486.json,./mxl/1/2/Qmb3nWh89rZ5qR7paUjp7MEF6Z4CL65Vchtm7k3S2EYr6G.mxl
W.A. MozartComposera,Mozart Piano Sonata no.16 1st movement Retrograde,146,2570,0.0,122,True,./metadata/2/6247041.json,./mxl/3/15/Qmdd7wEQnMAtPgaWX44XKftkCZ8yoNG4whAGhsaajqjjkC.mxl
W.A. Mozart,Sonate in C KV 330-2 Andante,110,1467,0.0,121,False,./metadata/3/5646136.json,./mxl/1/22/QmbGDZ94FehXeimC3oW3rxhdCW9ahAyfW17hXkH5RiXxnT.mxl
W.A. Mozart,W.A. Mozart - Minore in A minor K. 15k,36,282,4.83,117,False,./metadata/7/6219422.json,./mxl/4/12/QmeBuVqPpzPMfzif2cCpt7MZXo2YaYcUot4zrmNTn8F4JF.mxl
Mozart,Mozart - Voi che sapete,108,368,0.0,113,True,./metadata/2/5036968.json,./mxl/3/38/QmdqXtHEg2Kt2tTnr1P9GfJXPCmMAmWVMRWXnZ2icizVMm.mxl
W. A. Mozart,W. A. Mozart Minuet in F Major K1d.,40,310,0.0,106,False,./metadata/4/5847366.json,./mxl/15/12/QmXB8zjJbfJoKDSAPwYJgEVj7A3vScBaCB87xzWzG1Fc8M.mxl
W.A. Mozart,W.A. Mozart - Allegro in B K. 3,64,326,0.0,103,False,./metadata/1/6191186.json,./mxl/11/57/QmTZNZKbmjups1k5dXfBz5V65QP1FMRnfsSFpfyUwutStj.mxl
W. A. Mozart,W. A. Mozart Allegro in C Major K1b.,12,72,0.0,102,False,./metadata/2/5847357.json,./mxl/8/14/QmQCiAkXJAdetmkVPsNTgr8EdKKtJYJagMNGiYqwcUCs7E.mxl
W. A. Mozart,Allegro in F Major - K. 1c,19,128,0.0,100,False,./metadata/5/2832981.json,./mxl/7/18/QmPEXL4F86TFj1bo1EDe38bUy7uRcBaMVYbx7c9bxj84e6.mxl
Ex. 2 - b - Mozart - Sinfonia 40-IV,Fundamentos da Composicao Musical - Schoenberg Arnold - Ex. 2 - b - Mozart - Sinfonia 40-IV,10,14,0.0,100,False,./metadata/0/5897114.json,./mxl/1/4/Qmb52GG4ZRXsZ2KbF3FjdkiDMgdDbFfcNhUHkBe8fmtptH.mxl
W.A. Mozart,W.A. Mozart - Andante in G minor K. 15r,150,958,0.0,99,False,./metadata/4/6226474.json,./mxl/12/47/QmUUrLumV8VBY9xwiB3RErhvdH1htpZMcW7mX11g75ckpA.mxl
W.A. Mozart,W.A. Mozart - Andante in D K. 15o,48,800,0.0,97,False,./metadata/1/6224228.json,./mxl/3/34/QmdNnrdZKXLYZb53XcSUEeZnMBBqKHMqtysv6nRkN8kHHa.mxl
Wolfgang Amadeus Mozart & MuseScore,Musikalisches Würfelspiel,40,359,0.0,91,False,./metadata/6/4055411.json,./mxl/14/9/QmWa4UEMMEXzG8PJY1JKwBNfr4YVPhxrgmvZzboEWswLuZ.mxl
W.A. Mozart,W.A. Mozart - Contredanse in G K. 15e,32,300,0.0,90,False,./metadata/2/6204361.json,./mxl/3/51/QmdWxidrq2zjrku24dD7gY3Ry3nECLCyaFurJ5DEWmzGgF.mxl
W.A. Mozart,W.A. Mozart - Movement to a Piano Sonata in B-flat K. 15aa,94,760,0.0,89,False,./metadata/3/6234421.json,./mxl/3/49/QmdVqUuHxLdEudWTNDqCV5WCyLCkaXML1Z9iNDRhdFwxsx.mxl
W. A. Mozart,Sonata n. 16 in C Major,146,2564,0.0,89,False,./metadata/8/5954948.json,./mxl/3/42/QmdsrtfMBtzcCsj5FkYGaeHfjfVJPGzWbfDJgfWdcnYrAN.mxl
W.A. Mozart,W.A. Mozart - Contredanse in F K. 15h,48,232,0.0,87,False,./metadata/5/6219296.json,./mxl/1/30/QmbL2idE5ykZoHvUMVzTdEWQvmyPqgHA5C4UWET1tkjqUk.mxl
Mozart,Mozart - Voi che sapete,106,368,0.0,87,False,./metadata/9/4941214.json,./mxl/2/32/QmcMMY4qTFSQiHeTE6eurZWbRhLUWLfyKs4GRuiQ9rbugW.mxl
W.A. Mozart,W.A. Mozart - Minuet in C (Fragment) K. 15rr,26,162,0.0,77,False,./metadata/9/6241049.json,./mxl/3/12/QmdB5hodNzPvFwGD3FqSqGiSu7Fwcb8TRxkqGV7VY9whjK.mxl
W.A. Mozart,W.A. Mozart - Minuet in F K. 15m,40,366,0.0,77,False,./metadata/9/6219523.json,./mxl/8/18/QmQE15XtA19p8r4gzthEDXiUGWDumAai1S3eimVEZkRAeY.mxl
W.A. Mozart,W.A. Mozart - Minuet in E-flat K. 15ee,32,242,0.0,77,False,./metadata/7/6237087.json,./mxl/3/46/QmduG5oXwgzodop1UcWVyub93FHXA8XPYsTGbuhU9QNCLN.mxl
Wolfgang Amadeus Mozart,Arie Nun vergiss leises Fleh n,16,190,0.0,75,False,./metadata/2/5645285.json,./mxl/16/43/QmYSGmB2LLDhQbczuUtD9ir4vovr83RVAHroahLE1x4KtY.mxl
W.A. Mozart,W.A. Mozart - Minuet in A K. 15i,32,230,0.0,71,False,./metadata/6/6219330.json,./mxl/8/14/QmQCV6CoLgAqSkdJRzw8Hmi3zMPfbauopWrD5vK7FuZkiN.mxl
W. A. Mozart,Allegro in C Major - K. 1b,12,73,0.0,70,False,./metadata/4/2832941.json,./mxl/7/19/QmPfDccN4ijaCkCoFnKzchGDBDGQZcurmjMmveN24uVsfn.mxl
Mozart,Ah vous dirai-je Maman 1 var,48,428,0.0,60,False,./metadata/6/6323680.json,./mxl/2/37/QmcPEe85q7b2VRDMCQ69VjxjZejahUp4sL6zsPyFGL2zY2.mxl
W.A. Mozart,W.A. Mozart - Minuet in A-flat K. 15ff,32,214,0.0,57,False,./metadata/8/6238102.json,./mxl/13/31/QmVmRpz4jbHbGjWgHbFeJ7xFU6UvQNrSn83oGsZPX1mFfX.mxl
Wolfgang Amadeus Mozart (1756-1791) Anh. 41 (375g),Fugue Fragment Anh. 41 (375g) Mozart Wolfgang Amadeus,27,346,0.0,56,True,./metadata/1/5641641.json,./mxl/14/26/QmWjADfYFkxvaydHJAAr8JqCJz5M9XYt57v6c7hiYbWHdx.mxl
Mozart,Mozart - FIN CH' HAN DAL VINO,104,290,0.0,52,False,./metadata/6/4872463.json,./mxl/16/50/QmYwHCzqofTm47G6c7qCoAyawDWgBSX17r19LVwsNwpQwN.mxl
Mozart,Mozart - MINUET from Don Giovanni.,32,128,0.0,51,False,./metadata/7/4911573.json,./mxl/6/47/QmNULmYLQtpLf48aWooc1tm5CJ41RPT3W2so4LNMt6qaep.mxl
Wolfgang Amadeus Mozart,Wolfgang Amadeus Mozart - Andante,18,156,0.0,48,False,./metadata/7/4654459.json,./mxl/5/53/QmfXzmimMw9PJYo33o3cEJ7PK1HfPYLKEr4L1iEkf3MkBs.mxl
Mozart Wolfgang Amadeus,Allegro in F major,28,198,0.0,46,False,./metadata/0/6156814.json,./mxl/3/19/Qmdf6BRgG4PNcU3o5BLSBFe5eBqQD6gyqVHR2YAMXvp2pk.mxl
Mozart,Mozart - MINUET from Don Giovanni.,32,128,0.0,43,False,./metadata/4/4720304.json,./mxl/7/13/QmPcxBF7h3WzpKpNNNX2sX6GrGSbwb7Y5qmh7r33ewjhYA.mxl
Mozart3 Part Canon,Dona_Nobis_Pacem,25,60,0.0,43,False,./metadata/4/6369276.json,./mxl/0/45/QmaTJSXMiCnRJGDYoSoxgdc3qMAhEoAjGR9NdoRHNz9CpM.mxl
Waltz.--Mozart.,The MAY FLOWER,65,278,0.0,42,False,./metadata/1/4694036.json,./mxl/8/26/QmQjwGNPyHGybopdDFGfJYwasxVHYiDDwKt8jN4w4gnn6F.mxl
Mozart,Mozart - LA CI DAREM LA MANO,40,191,0.0,39,False,./metadata/4/5102642.json,./mxl/13/6/QmV7SYELCUoBmDHwvYaRmgmZ1bTULAcnW4dnwjHL3hwLDb.mxl
Mozart,Mozart - March (Mozart),18,58,0.0,38,False,./metadata/1/4571926.json,./mxl/8/10/QmQAqG5Hm4uAwSpdqEpNjUzDY4e9w4DwdjTeunDXvjq1QV.mxl
Mozart KV 5362 1788,Michael Turner's Waltz,36,134,0.0,36,False,./metadata/3/5044313.json,./mxl/14/1/QmW2814ZoMaHQ5yjFMmrYWQfTPWB2C5MB6nxs5AQgJ768G.mxl
Mozart,Mozart - LA CI DAREM LA MANO,40,191,0.0,34,False,./metadata/7/5056575.json,./mxl/5/3/Qmf4ZPqgRrzbomuJxz4nmjSRXsgxd3ug5vniSpJw4wrJ69.mxl
W.A.Mozart (1783),Theme from Concerto 2 in Eb for Horn K417,33,145,0.0,31,False,./metadata/3/4563489.json,./mxl/4/14/QmeC7tZn6Xgr612NAqM4SVXKZBrNHtCycneQYb1fs48KCu.mxl
Mozart,Mozart - NON PIU ANDRAI,56,386,0.0,30,False,./metadata/9/4706105.json,./mxl/9/38/QmRqcrT6oKzSBqTKVYgx6X4ER3V2HsMU8pUMpU758hGThG.mxl
W.A.Mozart,Mozart's Upside-down Canon,77,393,0.0,28,False,./metadata/6/4565657.json,./mxl/16/22/QmYGvwGRCu1jnjG2hsPenqYYxnLSuitmTvp2jUJJMx5K4x.mxl
Mozart,Mozart - AIR,19,106,0.0,26,True,./metadata/6/4884270.json,./mxl/4/25/QmeiJjtLojyWFriNEMJTeaWAKJJWeoHdYWiUGkR5Y89iTX.mxl
Mozart KV 5362 1788,Michael Turner's Waltz,36,134,0.0,23,False,./metadata/5/4667685.json,./mxl/9/44/QmRt2L6yP4E8RX4qoHhLuVGZtu9Creue1zudgQoDXT1wsz.mxl
Mozart.,Mozart - The STORM WALTZ,88,341,0.0,20,False,./metadata/3/4941762.json,./mxl/8/31/QmQmPfHLWpizDmHAfpTVcef8U5W5UZ4jc89hhfhCSNZW9K.mxl
Mozart,Mozart - WALTZ,104,344,0.0,19,False,./metadata/3/5165165.json,./mxl/0/0/Qma1ccSDsEDKSvENkFgAexQGsq6k15NtDDcHTKfgRHg5hy.mxl
W.A.Mozart,Trio from Menuette,9,73,0.0,18,False,./metadata/1/5153705.json,./mxl/10/47/QmSUaNPTAJbcN6SnK4KVMEDQiVy6ZcGQqgh9h8EJadRjFp.mxl
Attributed to W. A. Mozart,Alleluia Round,8,36,0.0,18,False,./metadata/5/4574038.json,./mxl/17/49/QmZVqHfz4dh9FbNhxHPiPYZczP3US5Prwc4A7BGJcoH5ze.mxl
Tune is Rondo Alla Turca by Mozart,Good Man of Cambridge,49,206,0.0,17,True,./metadata/0/4597100.json,./mxl/12/52/QmUxwuPVs6uubHzTMQvKtpeyqHWVnMEyf51oVpEnChRpF5.mxl
Mozart,Mozart - Grand Menuetto EHo.124,134,956,0.0,17,False,./metadata/4/4940462.json,./mxl/4/15/QmedH3co511SQhz38PGpxbniNAMQSh7itYVxVRhBrXQVX2.mxl
Mozart,Mozart - LIFE LET US CHERISH,34,134,0.0,16,False,./metadata/9/4868125.json,./mxl/4/52/QmexCShbKzARK6CnpBRacHvLDAoG6mR3p7pg83ixdz8pfm.mxl
Mozart,Una broma musical - Mozart,11,37,0.0,15,False,./metadata/8/5983159.json,./mxl/4/50/Qmew8ocb6jC229XdB8x2qDtUhTEMEbyE3RGGdDS2LGVMKs.mxl
Mozart,Mozart - Grand Menuetto EHo.124,134,956,0.0,13,True,./metadata/5/4804047.json,./mxl/13/32/QmVMVnU3HmwAa9DUcvHGG42ZUY35tYWBitDdZimdDMxPU9.mxl
Mozart.,Mozart - FIN CH'AN DAL VINO,32,110,0.0,12,False,./metadata/1/4710248.json,./mxl/3/55/QmdYDYyEt4m9oLLGa4TxgwtHC8QDHQZHPahEdJUC4CqmTP.mxl
Mozart,Mozart - WALTZ,72,264,0.0,12,False,./metadata/6/4917315.json,./mxl/11/23/QmThdFdr3gtJaDccy38zp3ovgdpj27esp8i4AdWgEof9Hn.mxl
W. A. Mozart,The Blacksmith.,13,58,0.0,12,False,./metadata/7/4974275.json,./mxl/4/3/Qme4pqqXwS8bXvUjLpNN2pPYfcciEPLxrgAZEnxAQUGkbc.mxl
Tune is Rondo Alla Turca by Mozart,Good Man of Cambridge,49,206,0.0,11,False,./metadata/4/4901872.json,./mxl/16/24/QmYHChjvN2jb86wyPKU1zioh5V9QBVNLnPN7pcm7egLcho.mxl
Mozart,Mozart - German Cotillion. EHo.091,24,152,0.0,10,True,./metadata/1/5150696.json,./mxl/12/39/QmUQKGWVd9KL34xP683YzKGEgg1grq4TF34zMVmtRvx5NA.mxl
Mozart,Mozart - SLOW AIR,26,72,0.0,9,False,./metadata/7/4965462.json,./mxl/7/52/QmPxw5GTUp4xdJWzi4uYV8tsLPUtrUctjx25eLNjFLn1BY.mxl
Mozart.,Mozart - FIN CH'AN DAL VINO,32,110,0.0,9,False,./metadata/4/4687659.json,./mxl/0/31/Qmamm43zgdKRx1cVGLZ5FkeMgR3nshF8fyNReJ7g2h4FaC.mxl
W.A.Mozart (The Magic Flute),FowlerThe. JC.178,17,87,0.0,8,False,./metadata/3/4608719.json,./mxl/2/2/Qmc3t11xxiRVxxA5E4p8xZWF2Xm1dKUYrU9k5BZqckeiEb.mxl
W.A. Mozart,Spring Allegro,80,130,0.0,8,False,./metadata/3/5062883.json,./mxl/9/43/QmRSPP4g4TNhpAwLJ6qf8HurnemJG2T5KMFzbSZKvuie5z.mxl
Mozart,Mozart - German Cotillion. EHo.091,24,152,0.0,8,False,./metadata/1/4610838.json,./mxl/7/37/QmPP9kRrvhSnWqqkbGXB3AESgN8j5LmVwKs2thpLke48gy.mxl
Mozart,Mozart - Marcia Clemenza di Titto EHo.058,42,216,0.0,8,True,./metadata/8/4837234.json,./mxl/4/12/QmeBfKXmosSkUwaTSnwpXiA52UPkHts8bTUyum7fpg7BYU.mxl
Mozart,Mozart - Mozarts Military Waltz. CJF.007,87,262,0.0,8,False,./metadata/1/4897525.json,./mxl/14/33/QmWnhwQpEMtetA3xqLJAu8UmQLH9gUEGtsozURNLD8Phoz.mxl
Mozart,Mozart - WALTZ,104,344,0.0,8,False,./metadata/5/4703945.json,./mxl/15/26/QmXjesjY65kgTsHmWdmRVdY7UQ82d2t2mNfehKQuNXLMZs.mxl
Mozart,Mozart - Waltz. CJF.196,48,177,0.0,7,False,./metadata/1/5010116.json,./mxl/11/43/QmTSJUyY8G7uU7E9z1fheibHJAHh2RotxTimBW1RkmDhSt.mxl
Wolfgang Amadeus Mozart,Wolfgang Amadeus Mozart - Theme,16,36,0.0,7,False,./metadata/9/4945500.json,./mxl/2/41/QmcRh7aWVks1H8droe61s661orPZSRCKfmMmArW7N363ro.mxl
Mozart,Mozart - Mozarts Military Waltz. CJF.007,61,184,0.0,7,False,./metadata/7/4685346.json,./mxl/0/24/QmaH2619HgNCeGgpzKXKzsBGbPBxiPBTdfv7MxNx8NR9KX.mxl
Wolfgang Amadeus Mozart,Wolfgang Amadeus Mozart - Theme,32,74,0.0,6,True,./metadata/2/4675915.json,./mxl/6/23/QmNhtMKPDzS8z8TW8HzBkvhPXSpB3okroGduGvGYMzAUxE.mxl
Mozart,Mozart - WALTZ,72,264,0.0,6,False,./metadata/5/4657883.json,./mxl/17/32/QmZMez6FdPzb6Rp1HhXz9q5hSTbcbEsr95NB8EtH46WARa.mxl
Mozart,Mozart - SLOW AIR,26,72,0.0,6,False,./metadata/7/5122117.json,./mxl/8/48/QmQvZbg4oKR86SUoXAQJ8bYTXJuXcKY247B15gCYcMUBNA.mxl
[Wolfgang Amadeus] Mozart(?),Waltz by Mozart. Roose.0848,77,340,0.0,6,False,./metadata/5/4711555.json,./mxl/11/47/QmTU5KhnYeWnzPpybL58gkqNT82KeDhdQxW6yDj226jwPZ.mxl
Mozart,Mozart - Non pa Andri EHo.060,24,153,0.0,5,False,./metadata/8/4701521.json,./mxl/17/2/QmZ3JYptWApWrVn9Pz818oATb7AYmm2mLaEnDDPB4iNeaj.mxl
Mozart KV 5362 1788,Michael Turner's Waltz,36,134,0.0,5,False,./metadata/2/4954000.json,./mxl/12/55/QmUY2y2nFj3VAPBXWEyRrvYXkbkvctJH8NPSDxMWQwybyt.mxl
Mozart,Mozart - WALTZ,104,344,0.0,5,False,./metadata/9/4927696.json,./mxl/11/47/QmTUfy47GoPwwAeYFQbWhEBCAfgaxhRenNwmKMDvHSd55B.mxl
Mozart,Mozart - Mozarts Military Waltz. CJF.007,92,266,0.0,4,False,./metadata/1/4720908.json,./mxl/0/38/Qmaq6R3UTCjB4yezWuVsh4e9r3G4xJqHtVEv2MUThzTbbk.mxl
Mozart,Mozart - Waltz. CJF.196,59,229,0.0,3,False,./metadata/4/4705687.json,./mxl/7/18/QmPEHpgEHq5Ka3MJHEyri3ZukZC4HC9BgoaV6qXhdTnZac.mxl
W. A. Mozart,the Blacksmith.,13,58,0.0,3,False,./metadata/8/5130864.json,./mxl/15/15/QmXdL1SKgn4bpCUfU8yS8fg6jS7RBhCShcCXzG2C1KALzV.mxl
Wolfgang Amadeus Mozart,Wolfgang Amadeus Mozart - Theme,16,36,0.0,3,False,./metadata/9/4976637.json,./mxl/11/43/QmTSP3JPYFGpeM9aUQBot6zw8mdRTPut7c93VCr3kZFDiQ.mxl
W.A.Mozart (The Magic Flute),The Fowler. JC.178,17,87,0.0,3,False,./metadata/1/4835034.json,./mxl/12/42/QmUsZ3w1CDkdF2yLprd68RYAGFNtHdaTJo4c9gBT6httWg.mxl
Mozart,Mozart - Waltz. CJF.196,58,229,0.0,2,False,./metadata/6/4901657.json,./mxl/13/11/QmVbuS827U14GJk8XGbct5Dr4piqbjmpSf9nagAuQ2sSSa.mxl
W. A. Mozart,Pretty Birdlings,16,58,0.0,2,False,./metadata/5/4671258.json,./mxl/11/23/QmThKEB5h9oCKsgRA5TZYL7fjUWM4gt8jArtESMCbGznfw.mxl
Mozart,Eternal source of every joy - Philip Doddridge,17,146,0.0,2,False,./metadata/2/5764543.json,./mxl/3/29/QmdKAPbk68codPX988GbsWdpEx68s3BP7rYCY5bgLFxmdG.mxl
Waltz.--Mozart.,the MAY FLOWER,65,278,0.0,1,False,./metadata/4/4869690.json,./mxl/14/34/QmWN8pCjZdM15xZWimHkLGtL5rXWqRo1TsxD4avbPGhecE.mxl
W. A. Mozart,Pretty Birdlings,16,58,0.0,1,False,./metadata/4/4700108.json,./mxl/7/32/QmPMGF7fhwbAcnLaVmfpvf9HK5SqjTEPKa3BojbJojwwyo.mxl
W. A. Mozart,the Blacksmith.,13,58,0.0,1,False,./metadata/8/4970070.json,./mxl/1/13/QmbcTYiiXxQkbnjXJN6tfCvjiLrKkRabQwDMXo3RxjEgri.mxl
